feature,importance
asn_frequency,0.2537706
country_frequency,0.15037484
is_outside_hours,0.070927344
device_frequency,0.070590764
login_successful,0.07027054
browser_frequency,0.04713364
user_unique_countries,0.04679603
os_frequency,0.04601239
city_frequency,0.044357214
user_login_count,0.04245828
login_hour,0.028552659
region_frequency,0.023982842
user_failure_rate,0.023484254
login_day_of_week,0.023292374
time_since_previous_login_seconds,0.023097616
user_failure_count,0.017249739
is_weekend,0.015683038
user_unique_devices,0.0019657535
